[
    {
        "name": "Hyrule Castle & Sanctuary",
        "short_name": "Castle Escape",
        "access_rules": [ "@Lower Light World" ],
        "color": "#701d43",
        "map_locations": [
            {
                "map": "lightworld",
                "x": 1003,
                "y": 906
            },
            {
                "map": "lightworld",
                "x": 925,
                "y": 536
            }
        ],
        "sections": [
            {
                "name": "Escape",
                "short_name": "",
                "clear_as_group": false,
                "access_rules": [ "[lamp],[lift1]" ],
                "item_count": 6
            }
        ]
    },
    {
        "name": "Agahnim",
        "color": "#701d43",
        "access_rules": [ "@Dark Death Mountain" ],
        "map_locations": [
            {
                "map": "darkworld",
                "x": 1126,
                "y": 68
            }
        ],
        "sections": [
            {
                "name": "Agahnim",
                "access_rules": [ "[lamp],$canRemoveCurtains,sword", "[lamp],$canRemoveCurtains,hammer", "[lamp],$canRemoveCurtains,net" ],
                "hosted_item": "aga1"
            }
        ]
    },
    //  Eastern Palace
    {
        "name": "Eastern Palace",
        "color": "#af0000",
        "access_rules": [ "@Lower Light World" ],
        "sections": [
            {
                "name": "Dungeon",
                "clear_as_group": false,
                "access_rules": [ "[lamp]" ],
                "item_count": 3
            },
            {
                "name": "Armos",
                "access_rules": [ "bow,[lamp]" ],
                "hosted_item": "easternpalace"
            }
        ],
        "map_locations": [
            {
                "map": "lightworld",
                "x": 1925,
                "y": 791
            }
        ]
    },
    //  Desert Palace
    {
        "name": "Desert Palace",
        "color": "#af0000",
        "access_rules": [ "@Lower Light World,book" ],
        "sections": [
            {
                "name": "Dungeon",
                "clear_as_group": false,
                "capture_item": true,
                "access_rules": [ "[boots]" ],
                "item_count": 2
            },
            {
                "name": "Lanmolas",
                "short_name": "Lanmo",
                "access_rules": [
                    "lift1,firesource,[boots],sword",
                    "lift1,firesource,[boots],hammer",
                    "lift1,firesource,[boots],firerod",
                    "lift1,firesource,[boots],icerod",
                    "lift1,firesource,[boots],bow",
                    "lift1,firesource,[boots],somaria",
                    "lift1,firesource,[boots],[sword]"
                ],
                "hosted_item": "desertpalace"
            }
        ],
        "map_locations": [
            {
                "map": "lightworld",
                "x": 146,
                "y": 1584
            }
        ]
    },
    //  Tower of Hera
    {
        "name": "Tower of Hera",
        "color": "#af0000",
        "access_rules": [ "@East Light Death Mountain,hammer,pearl" ],
        "sections": [
            {
                "name": "Dungeon",
                "clear_as_group": false,
                "access_rules": [
                    "[firesource]"
                ],
                "item_count": 2
            },
            {
                "name": "Moldorm",
                "access_rules": [
                    "sword,[firesource]",
                    "hammer,[firesource]"
                ],
                "hosted_item": "towerofhera"
            }
        ],
        "map_locations": [
            {
                "map": "lightworld",
                "x": 1126,
                "y": 68
            }
        ]
    },    
    //  Palace of Darkness
    {
        "name": "Palace of Darkness",
        "parent": "East Dark World",
        "short_name": "POD",
        "color": "#af0000",
        "sections": [
            //  Front
            {
                "name": "Dungeon",
                "clear_as_group": false,
                "access_rules": [
                    "[bow],[lamp]"
                ],
                "item_count": 5
            },
            //  Back
            {
                "name": "Helmasaur King",
                "short_name": "Helma",
                "access_rules": [
                    "bow,hammer,[lamp]"
                ],
                "hosted_item": "palaceofdarkness"
            }
        ],
        "map_locations": [
            {
                "map": "darkworld",
                "x": 1924,
                "y": 800
            }
        ]
    },
    //  Swamp Palace
    {
        "name": "Swamp Palace",
        "color": "#af0000",
        "access_rules": [ "@Lower Light World,mirror,flippers" ],
        "sections": [
            //  Front
            {
                "name": "Dungeon",
                "clear_as_group": false,
                "access_rules": [
                    "[hammer],[hookshot]"
                ],
                "item_count": 6
            },
            //  Back
            {
                "name": "Arrgus",
                "access_rules": [
                    "hammer,hookshot",
                    "[hammer],sword,hookshot",
                    "[hammer],silvers,hookshot"
                ],
                "hosted_item": "swamppalace"
            }
        ],
        "map_locations": [
            {
                "map": "darkworld",
                "x": 940,
                "y": 1880
            }
        ]
    },
    //  Skull Woods
    {
        "name": "Skull Woods",
        "color": "#af0000",
        "sections": [
            //  Front
            {
                "name": "Dungeon",
                "clear_as_group": false,
                "item_count": 2
            },
            //  Back
            {
                "name": "Mothula",
                "access_rules": [
                    "firerod,$canRemoveCurtains"
                ],
                "hosted_item": "skullwoods"
            }
        ],
        "map_locations": [
            {
                "map": "darkworld",
                "x": 79,
                "y": 121
            }
        ]
    },
    //   Thieve's Town
    {
        "name": "Thieves Town",
        "color": "#af0000",
        "sections": [
            {
                "name": "Dungeon",
                "clear_as_group": false,
                "access_rules": [ "[hammer]" ],
                "item_count": 4
            },
            //  Back
            {
                "name": "Blind",
                "hosted_item": "thievestown",
                "access_rules": [ "sword", "hammer", "somaria", "byrna" ]
            }
        ],
        "map_locations": [
            {
                "map": "darkworld",
                "x": 251,
                "y": 971
            }
        ]
    },
    //  Ice Palace
    {
        "name": "Ice Palace",
        "color": "#af0000",
        "access_rules": [ "firerod,[flippers]", "bombos,$canUseMedallions,[flippers]" ],
        "sections": [
            //  Front
            {
                "name": "Dungeon",
                "clear_as_group": false,
                "access_rules": [
                    "[hammer],[hookshot],[lift1]"
                ],
                "item_count": 3
            },
            //  Back
            {
                "name": "Khold",
                "access_rules": [
                    "hammer,bombos,$canUseMedallions,lift1",
                    "hammer,firerod,lift1"
                ],
                "hosted_item": "icepalace"
            }
        ],
        "map_locations": [
            {
                "map": "darkworld",
                "x": 1600,
                "y": 1735
            }
        ]
    },
    //  Misery Mire
    {
        "name": "Misery Mire",
        "color": "#af0000",
        "parent": "Mire Area",
        "access_rules": [
            "$canUseMedallions,mm_medallion,hookshot",
            "$canUseMedallions,mm_medallion,boots",
            "$canUseMedallions,bombos,ether,quake,hookshot",
            "$canUseMedallions,bombos,ether,quake,boots"
        ],
        "sections": [
            //  Front
            {
                "name": "Dungeon",
                "clear_as_group": false,
                "access_rules": [
                    "[firesource]"
                ],
                "item_count": 2
            },
            //  Back
            {
                "name": "Vitreous",
                "access_rules": [
                    "somaria,[lamp]"
                ],
                "hosted_item": "miserymire"
            }
        ],
        "map_locations": [
            {
                "map": "darkworld",
                "x": 150,
                "y": 1670
            }
        ]
    },
    //  Turtle Rock
    {
        "name": "Turtle Rock",
        "color": "#af0000",
        "parent": "Dark Death Mountain",
        "access_rules": [
            "$canUseMedallions,tr_medallion,somaria",
            "$canUseMedallions,bombos,ether,quake,somaria",
            "@East Light Death Mountain,mirror"
        ],
        "sections": [
            {
                "name": "Dungeon",
                "clear_as_group": false,
                "access_rules": [
                    "[somaria],[firerod],[lamp],[mirror]"
                ],
                "item_count": 5
            },
            {
                "name": "Trinexx",
                "access_rules": [
                    "somaria,firerod,icerod"
                ],
                "hosted_item": "turtlerock"
            }
        ],
        "map_locations": [
            {
                "map": "darkworld",
                "x": 1890,
                "y": 144
            }
        ]
    },
    //  Ganon's Tower
    {
        "name": "Ganon's Tower",
        "color": "#af0000",
        "parent": "Lower Light World",
        "access_rules": [ "$gtCrystalCount" ],
        "sections": [
            {
                "name": "Dungeon",
                "clear_as_group": false,
                "access_rules": [
                    "[hammer],[firerod],[hookshot],[boots],[somaria]",
                    "[hammer],[firerod],[hookshot],boots,[somaria]",
                    "[hammer],[firerod],[hookshot],[boots],somaria"
                ],
                "item_count": 22
            },
            {
                "name": "Tower",
                "clear_as_group": false,
                "access_rules": [
                    "[bow],firesource,[hookshot]"
                ],
                "item_count": 4
            }
        ],        
        "map_locations": [
            {
                "map": "lightworld",
                "x": 1003,
                "y": 807
            }
        ]
    }
]