[
    {
        "name": "Lower Light World - Allow Bunny",
        "color": "#059134",
        "access_rules": [
            "pearl,lift2",
            "pearl,lift1,hammer",
            "lift2,activated_flute",
            "aga1"
        ],
        "children": [
            //  Pedestal
            {
                "name": "Master Sword Pedestal",
                "short_name": "Pedestal",
                "map_locations": [
                    {
                        "map": "lightworld",
                        "x": 83,
                        "y": 101
                    }
                ],
                "sections": [
                    {
                        "name": "Pedestal",
                        "capture_item": true,
                        "access_rules": [ "pearl,greenpendant,pendant:2", "{book}" ],
                        "item_count": 1
                    }
                ]
            },
            //  Lumberjacks
            {
                "name": "Lumberjack Cave",
                "short_name": "Lumberjacks",
                "map_locations": [
                    {
                        "map": "lightworld",
                        "x": 633,
                        "y": 117
                    }
                ],
                "sections": [
                    {
                        "name": "Cave",
                        "capture_item": true,
                        "access_rules": [
                            "aga1,boots,pearl",
                            "{}"
                        ],
                        "item_count": 1
                    }
                ]
            },
            {
                "name": "The Well",
                "map_locations": [
                    {
                        "map": "lightworld",
                        "x": 47,
                        "y": 833
                    }
                ],
                "sections": [
                    {
                        "name": "Cave",
                        "item_count": 4
                    },
                    {
                        "name": "Bombable Wall",
                        "short_name": "Bomb",
                        "access_rules": [ "pearl" ],
                        "item_count": 1
                    }
                ]
            },            
            {
                "name": "Bottle Vendor",
                "map_locations": [
                    {
                        "map": "lightworld",
                        "x": 190,
                        "y": 933
                    }
                ],
                "sections": [
                    {
                        "name": "This Jerk",
                        "item_count": 1
                    }
                ]
            },
            {
                "name": "Sick Kid",
                "map_locations": [
                    {
                        "map": "lightworld",
                        "x": 314,
                        "y": 1060
                    }
                ],
                "sections": [
                    {
                        "name": "By The Bed",
                        "access_rules": [ "bottle" ],
                        "item_count": 1
                    }
                ]
            },   
            {
                "name": "Dwarven Smiths",
                "short_name": "Smiths",
                "access_rules": [
                    "lift2", "@Lower Light World - Allow Bunny,mirror"
                ],
                "sections": [
                    {
                        "name": "Bring Him Home",
                        "item_count": 1
                    }
                ],
                "map_locations": [
                    {
                        "map": "lightworld",
                        "x": 616,
                        "y": 1054
                    },
                    {
                        "map": "darkworld",
                        "x": 295,
                        "y": 1325
                    }
                ]
            },
            {
                "name": "Purple Chest",
                "access_rules": [
                    "lift2",
                    "@Lower Light World - Allow Bunny,mirror"
                ],
                "sections": [
                    {
                        "name": "Show To Gary",
                        "item_count": 1
                    }
                ],
                "map_locations": [
                    {
                        "map": "lightworld",
                        "x": 680,
                        "y": 1805
                    },
                    {
                        "map": "darkworld",
                        "x": 601,
                        "y": 1050
                    }
                ]
            },
            //  Sahasrala
            {
                "name": "Sahasrala's Hut",
                "short_name": "Sahash's Hut",
                "map_locations": [
                    {
                        "map": "lightworld",
                        "x": 1625,
                        "y": 900
                    }
                ],
                "sections": [
                    {
                        "name": "Back Room",
                        "short_name": "Back",
                        "access_rules": [ "pearl" ],
                        "item_count": 3
                    },
                    {
                        "name": "Shabbadoo",
                        "short_name": "Shabba",
                        "access_rules": [ "greenpendant" ],
                        "item_count": 1
                    }
                ]
            },
            {
                "name": "Bombos Tablet",
                "color": "#d9af22",
                "sections": [
                    {
                        "name": "Tablet",
                        "access_rules": [ "book,$canActivateTablets", "{book}" ],
                        "capture_item": true,
                        "item_count": 1
                    }
                ],
                "map_locations": [
                    {
                        "map": "lightworld",
                        "x": 440,
                        "y": 1845
                    }
                ]
            },            
            {
                "name": "Lower Light World",
                "access_rules": [ "pearl" ],
                "children": [
                    //  Lost Woods
                    {
                        "name": "Lost Woods",
                        "map_locations": [
                            {
                                "map": "lightworld",
                                "x": 320,
                                "y": 260
                            }
                        ],
                        "sections": [
                            {
                                "name": "Mushroom Spot",
                                "short_name": "Shroom",
                                "item_count": 1
                            },
                            {
                                "name": "Forest Hideout",
                                "short_name": "Hideout",
                                "item_count": 1
                            }
                        ]
                    },                           
                    {
                        "name": "Dam",
                        "sections": [
                            {
                                "name": "Inside",
                                "item_count": 1
                            },
                            {
                                "name": "Outside",
                                "item_count": 1
                            }
                        ],
                        "map_locations": [
                            {
                                "map": "lightworld",
                                "x": 942,
                                "y": 1880
                            }
                        ]
                    },                    
                    {
                        "name": "Northwest Hyrule",
                        "children": [
                            //  Kakariko
                            {
                                "name": "Kakariko Village",
                                "children": [
                                    {
                                        "name": "Blind's House",
                                        "map_locations": [
                                            {
                                                "map": "lightworld",
                                                "x": 307,
                                                "y": 840
                                            }
                                        ],
                                        "sections": [
                                            {
                                                "name": "Basement",
                                                "short_name": "Main",
                                                "item_count": 4
                                            },
                                            {
                                                "name": "Bombable Wall",
                                                "short_name": "Bomb",
                                                "item_count": 1
                                            }
                                        ]
                                    },
                                    {
                                        "name": "Chicken House",
                                        "map_locations": [
                                            {
                                                "map": "lightworld",
                                                "x": 197,
                                                "y": 1066
                                            }
                                        ],
                                        "sections": [
                                            {
                                                "name": "Bombable Wall",
                                                "item_count": 1
                                            }
                                        ]
                                    },
                                    {
                                        "name": "Tavern",
                                        "map_locations": [
                                            {
                                                "map": "lightworld",
                                                "x": 320,
                                                "y": 1145
                                            }
                                        ],
                                        "sections": [
                                            {
                                                "name": "Back Room",
                                                "item_count": 1
                                            }
                                        ]
                                    },
                                    {
                                        "name": "Magic Bat",
                                        "map_locations": [
                                            {
                                                "map": "lightworld",
                                                "x": 650,
                                                "y": 1127
                                            }
                                        ],
                                        "access_rules": [ "hammer" ],
                                        "sections": [
                                            {
                                                "name": "Magic Bowl",
                                                "access_rules": [
                                                    "powder",
                                                    "somaria,mushroom,[powder]"
                                                ],
                                                "item_count": 1
                                            }
                                        ]
                                    },
                                    {
                                        "name": "Race Game",
                                        "map_locations": [
                                            {
                                                "map": "lightworld",
                                                "x": 111,
                                                "y": 1354
                                            }
                                        ],
                                        "sections": [
                                            {
                                                "name": "Take This Trash",
                                                "item_count": 1
                                            }
                                        ]
                                    },
                                    {
                                        "name": "Library",
                                        "map_locations": [
                                            {
                                                "map": "lightworld",
                                                "x": 313,
                                                "y": 1310
                                            }
                                        ],
                                        "sections": [
                                            {
                                                "name": "On The Shelf",
                                                "access_rules": [ "boots", "{}" ],
                                                "capture_item": true,
                                                "item_count": 1
                                            }
                                        ]
                                    }
                                ]
                            }
                        ]
                    },
                    //  Central Hyrule
                    {
                        "name": "Central Hyrule",
                        "children": [
                            {
                                "name": "Castle Secret Entrance",
                                "short_name": "Uncle",
                                "color": "#701d43",
                                "map_locations": [
                                    {
                                        "map": "lightworld",
                                        "x": 1196,
                                        "y": 834
                                    }
                                ],
                                "sections": [
                                    {
                                      "name": "Uncle",
                                      "item_count": 1
                                    },
                                    {
                                      "name": "Hallway",
                                      "item_count": 1
                                    }                  
                                  ]
                            },
                            {
                                "name": "Grove Digging Spot",
                                "short_name": "Dig Spot",
                                "map_locations": [
                                    {
                                        "map": "lightworld",
                                        "x": 600,
                                        "y": 1350
                                    }
                                ],
                                "access_rules": [
                                    "shovel"
                                ],
                                "sections": [
                                    {
                                        "name": "Hidden Treasure",
                                        "item_count": 1
                                    }
                                ]
                            },
                            {
                                "name": "Cave 45",
                                "sections": [
                                    {
                                        "name": "Circle of Bushes",
                                        "item_count": 1
                                    }
                                ],
                                "map_locations": [
                                    {
                                        "map": "lightworld",
                                        "x": 552,
                                        "y": 1693
                                    }
                                ]
                            }
                        ]
                    },
                    //  Northeast Hyrule
                    {
                        "name": "Northeast Hyrule",
                        "children": [
                            //  Witch
                            {
                                "name": "Witch's Hut",
                                "map_locations": [
                                    {
                                        "map": "lightworld",
                                        "x": 1607,
                                        "y": 670
                                    }
                                ],
                                "access_rules": [ "mushroom" ],
                                "sections": [
                                    {
                                        "name": "Assistant",
                                        "item_count": 1
                                    }
                                ]
                            },
                            //  Zora Area
                            {
                                "name": "Zora Region",
                                "color": "#345a99",
                                "access_rules": [ "lift1", "[flippers]" ],
                                "children": [
                                    //  Waterfall Fairy
                                    {
                                        "name": "Waterfall Fairy",
                                        "access_rules": [ "flippers", "pearl,[flippers]", "boots,[flippers]" ],
                                        "sections": [
                                            {
                                                "name": "Waterfall Cave",
                                                "item_count": 2
                                            }
                                        ],
                                        "map_locations": [
                                            {
                                                "map": "lightworld",
                                                "x": 1806,
                                                "y": 286
                                            }
                                        ]
                                    },
                                    //  Zora
                                    {
                                        "name": "Zora Area",
                                        "map_locations": [
                                            {
                                                "map": "lightworld",
                                                "x": 1920,
                                                "y": 273
                                            }
                                        ],
                                        "sections": [
                                            {
                                                "name": "King Zora",
                                                "item_count": 1
                                            },
                                            {
                                                "name": "Ledge",
                                                "capture_item": true,
                                                "access_rules": [
                                                    "flippers",
                                                    "[flippers],boots",
                                                    "{lift1}",
                                                    "{[flippers]}"
                                                ],
                                                "item_count": 1
                                            }
                                        ]
                                    }
                                ]
                            }
                        ]
                    },
                    //  North Hyrule
                    {
                        "name": "North Hyrule",
                        "color": "#059134",
                        "children": [
                            //  Bonk Rocks
                            {
                                "name": "Bonk Rocks",
                                "map_locations": [
                                    {
                                        "map": "lightworld",
                                        "x": 777,
                                        "y": 590
                                    }
                                ],
                                "sections": [
                                    {
                                        "name": "Cave",
                                        "access_rules": [
                                            "boots"
                                        ],
                                        "item_count": 1
                                    }
                                ]
                            },
                            //  King's Tomb
                            {
                                "name": "King's Tomb",
                                "access_rules": [ "lift2,boots" ],
                                "sections": [
                                    {
                                        "name": "The Crypt",
                                        "item_count": 1
                                    }
                                ],
                                "map_locations": [
                                    {
                                        "map": "lightworld",
                                        "x": 1207,
                                        "y": 598
                                    }
                                ]
                            },
                            {
                                "name": "Graveyard Ledge",
                                "sections": [
                                    {
                                        "name": "Cave",
                                        "item_count": 1
                                    }
                                ],
                                "map_locations": [
                                    {
                                        "map": "lightworld",
                                        "x": 1132,
                                        "y": 549
                                    }
                                ]
                            }                    
                        ]
                    },
                    //  Desert Area
                    {
                        "name": "Desert Area",
                        "color": "#d9af22",
                        "children": [
                            {
                                //  Desert Ledge
                                "name": "Desert Ledge",
                                "sections": [
                                    {
                                        "name": "Ledge",
                                        "access_rules": [ "book", "{}"
                                        ],
                                        "capture_item": true,
                                        "item_count": 1
                                    }
                                ],
                                "map_locations": [
                                    {
                                        "map": "lightworld",
                                        "x": 40,
                                        "y": 1835
                                    }
                                ]
                            },
                            //  Aginah's Cave
                            {
                                "name": "Aginah's Cave",
                                "sections": [
                                    {
                                        "name": "Cave",
                                        "item_count": 1
                                    }
                                ],
                                "map_locations": [
                                    {
                                        "map": "lightworld",
                                        "x": 400,
                                        "y": 1655
                                    }
                                ]
                            },
                            {
                                "name": "Checkerboard Cave",
                                "short_name": "Checkerboard",
                                "access_rules": [ "lift1" ],
                                "sections": [
                                    //  Cave
                                    {
                                        "name": "Cave",
                                        "item_count": 1
                                    }
                                ],
                                "map_locations": [
                                    {
                                        "map": "lightworld",
                                        "x": 354,
                                        "y": 1560
                                    }
                                ]
                            }                    
                        ]
                    },
                    //  Lake Hylia
                    {
                        "name": "Lake Hylia",
                        "color": "#345a99",
                        "children": [
                            {
                                "name": "Mini Moldorm Cave",
                                "short_name": "Mini-Moldorm",
                                "color": "#158134",
                                "sections": [
                                    {
                                        "name": "Cave",
                                        "item_count": 5
                                    }
                                ],
                                "map_locations": [
                                    {
                                        "map": "lightworld",
                                        "x": 1309,
                                        "y": 1887
                                    }
                                ]
                            },
                            {
                                "name": "Ice Rod Cave",
                                "color": "#158134",
                                "sections": [
                                    {
                                        "name": "Cave",
                                        "item_count": 1
                                    }
                                ],
                                "map_locations": [
                                    {
                                        "map": "lightworld",
                                        "x": 1795,
                                        "y": 1547
                                    }
                                ]
                            },
                            {
                                "name": "Lake Hylia Island",
                                "sections": [
                                    {
                                        "name": "Island",
                                        "access_rules": [ "[flippers]" ],
                                        "capture_item": true,
                                        "item_count": 1
                                    }
                                ],
                                "map_locations": [
                                    {
                                        "map": "lightworld",
                                        "x": 1450,
                                        "y": 1666
                                    }
                                ]
                            },
                            {
                                "name": "Hobo",
                                "access_rules": [
                                    "[flippers]"
                                ],
                                "sections": [
                                    {
                                        "name": "Under The Bridge",
                                        "item_count": 1
                                    }
                                ],
                                "map_locations": [
                                    {
                                        "map": "lightworld",
                                        "x": 1390,
                                        "y": 1390
                                    }
                                ]
                            }
                        ]
                    }
                ]
            }            
        ]
    },
    {
        "name": "South Dark World",
        "color": "#35046b",
        "children": [
            {
                "name": "Link's House",
                "map_locations": [
                    {
                        "map": "darkworld",
                        "x": 1097,
                        "y": 1366
                    }
                ],
                "sections": [
                    {
                        "name": "By The Door",
                        "item_count": 1
                    }
                ]
            },
            {
                "name": "Haunted Grove",
                "sections": [
                    {
                        "name": "Stumpy",
                        "item_count": 1
                    }
                ],
                "map_locations": [
                    {
                        "map": "darkworld",
                        "x": 620,
                        "y": 1371
                    }
                ]
            },
            {
                "name": "Hype Cave",
                "color": "#35046b",
                "sections": [
                    {
                        "name": "Cave",
                        "item_count": 5
                    }
                ],
                "map_locations": [
                    {
                        "map": "darkworld",
                        "x": 1200,
                        "y": 1560
                    }
                ]
            },
            {
                "name": "Digging Game",
                "sections": [
                    {
                        "name": "Dig For Treasure",
                        "item_count": 1
                    }
                ],
                "map_locations": [
                    {
                        "map": "darkworld",
                        "x": 100,
                        "y": 1385
                    }
                ]
            },
            {
                "name": "Fat Fairy",
                "color": "#35046b",
                "access_rules": [ "crystal56:2,@Lower Light World - Allow Bunny" ],
                "sections": [
                    {
                        "name": "Big Bomb Spot",
                        "item_count": 2,
                        "access_rules": [
                            "mirror"
                        ]
                    }
                ],
                "map_locations": [
                    {
                        "map": "darkworld",
                        "x": 940,
                        "y": 976
                    }
                ]
            }
        ]
    },
    {
        "name": "Northwest Dark World",
        "color": "#35046b",
        "children": [
            //  Bumper Cave
            {
                "name": "Bumper Cave",
                "sections": [
                    //  Ledge
                    {
                        "name": "Ledge",
                        "capture_item": true,
                        "access_rules": [
                            "@Lower Light World,lift1,cape,mirror",
                            "{}"
                        ],
                        "item_count": 1
                    }
                ],
                "map_locations": [
                    {
                        "map": "darkworld",
                        "x": 650,
                        "y": 260
                    },
                    {
                        "map": "lightworld",
                        "x": 687,
                        "y": 340,
                        "visibility_rules": [ "@Lower Light World,pearl,lift1,cape,mirror" ]
                    }                    
                ]
            },
            //  Village of Outcasts
            {
                "name": "C-Shaped House",
                "sections": [
                    {
                        "name": "House",
                        "item_count": 1
                    }
                ],
                "map_locations": [
                    {
                        "map": "darkworld",
                        "x": 414,
                        "y": 969
                    }
                ]
            },
            {
                "name": "Treasure Game",
                "sections": [
                    {
                        "name": "Prize",
                        "item_count": 1
                    }
                ],
                "map_locations": [
                    {
                        "map": "darkworld",
                        "x": 100,
                        "y": 936
                    }
                ]
            },
            {
                "name": "Bombable Shack",
                "sections": [
                    {
                        "name": "Downstairs",
                        "item_count": 1
                    }
                ],
                "map_locations": [
                    {
                        "map": "darkworld",
                        "x": 219,
                        "y": 1171
                    }
                ]
            },
            {
                "name": "Hammer Pegs",
                "access_rules": [ "lift2,hammer", "@Lower Light World - Allow Bunny,mirror,hammer" ],
                "sections": [
                    {
                        "name": "Cave",
                        "item_count": 1
                    }
                ],
                "map_locations": [
                    {
                        "map": "darkworld",
                        "x": 636,
                        "y": 1214
                    }
                ]
            }
        ]
    },
    {
        "name": "East Dark World",
        "color": "#35046b",
        "access_rules": [ "hammer", "flippers", "lift2,pearl,mirror", "aga1,mirror", "activated_flute" ],
        "children": [
            {
                "name": "Pyramid Ledge",
                "sections": [
                    {
                        "name": "Ledge",
                        "item_count": 1
                    }
                ],
                "map_locations": [
                    {
                        "map": "darkworld",
                        "x": 1164,
                        "y": 922
                    }
                ]
            },
            {
                "name": "Catfish",
                "color": "#35046b",
                "access_rules": [ "lift1","mirror,[flippers],pearl" ],
                "sections": [
                    {
                        "name": "Ring of Stones",
                        "item_count": 1
                    }
                ],
                "map_locations": [
                    {
                        "map": "darkworld",
                        "x": 1813,
                        "y": 347
                    }
                ]
            }
        ]
    },
    {
        "name": "Mire Area",
        "color": "#02473f",
        "access_rules": [ "flute,@Lower Light World", "activated_flute", "@Lower Light World - Allow Bunny,mirror" ],
        "children": [
            {
                "name": "Mire Shack",
                "sections": [
                    {
                        "name": "Shack",
                        "item_count": 2
                    }
                ],
                "map_locations": [
                    {
                        "map": "darkworld",
                        "x": 77,
                        "y": 1600
                    }
                ]
            }
        ]
    },
    {
        "name": "Dark Death Mountain",
        "color": "#6f6539",
        "access_rules": [ "flute,@Lower Light World", "activated_flute", "lift1,[lamp]" ],
        "children": [
            {
                "name": "Old Man",
                "access_rules": [ "[lamp]" ],
                "sections": [
                    {
                        "name": "Bring Him Home",
                        "item_count": 1
                    }
                ],
                "map_locations": [
                    {
                        "map": "darkworld",
                        "x": 816,
                        "y": 378
                    },
                    {
                        "map": "lightworld",
                        "x": 900,
                        "y": 440
                    }                    
                ]
            },
            {
                "name": "Spike Cave",
                "sections": [
                    {
                        "name": "Cave",
                        "access_rules": [
                            "hammer,lift1,[byrna]",
                            "hammer,lift1,[cape],[halfmagic]",
                            "hammer,lift1,[byrna]",
                            "hammer,lift1,[cape],[bottle:1]"
                        ],
                        "item_count": 1
                    }
                ],
                "map_locations": [
                    {
                        "map": "darkworld",
                        "x": 1151,
                        "y": 294
                    }
                ]
            },
            //  Super-Bunny Cave
            {
                "name": "Super-Bunny Cave",
                "sections": [
                    {
                        "name": "Cave",
                        "item_count": 2
                    }
                ],
                "map_locations": [
                    {
                        "map": "darkworld",
                        "x": 1695,
                        "y": 290
                    }
                ]
            },
            {
                "name": "East Light Death Mountain",
                "color": "#a27a3c",
                "access_rules": [ "hookshot,pearl", "lift2" ],
                "children": [
                    {
                        "name": "Spiral Cave",
                        "access_rules": [ "pearl" ],
                        "sections": [
                            {
                                "name": "Cave",
                                "item_count": 1
                            }
                        ],
                        "map_locations": [
                            {
                                "map": "lightworld",
                                "x": 1598,
                                "y": 180
                            }
                        ]
                    },
                    {
                        "name": "Paradox Cave",
                        "access_rules": [ "pearl" ],
                        "sections": [
                            {
                                "name": "Bottom",
                                "item_count": 2
                            },
                            {
                                "name": "Top",
                                "item_count": 5
                            }
                        ],
                        "map_locations": [
                            {
                                "map": "lightworld",
                                "x": 1731,
                                "y": 434
                            },
                            {
                                "map": "lightworld",
                                "x": 1714,
                                "y": 293
                            }
                        ]
                    },
                    {
                        "name": "Floating Island",
                        "color": "#934f17",
                        "sections": [
                            {
                                "name": "Island",
                                "item_count": 1
                            }
                        ],
                        "map_locations": [
                            {
                                "map": "lightworld",
                                "x": 1627,
                                "y": 40
                            }
                        ]
                    },
                    {
                        "name": "Mimic Cave",
                        "access_rules": [ "pearl,hammer" ],
                        "sections": [
                            {
                                "name": "Cave",
                                "item_count": 1
                            }
                        ],
                        "map_locations": [
                            {
                                "map": "lightworld",
                                "x": 1694,
                                "y": 190
                            }
                        ]
                    }                    
                ]
            },
            //  Hookshot Cave
            {
                "name": "Hookshot Cave",
                "access_rules": [ "lift1", "@East Light Death Mountain, mirror" ],
                "sections": [
                    //  Front chest
                    {
                        "name": "Bonkable Chest",
                        "short_name": "Front",
                        "access_rules": [ "boots", "hookshot" ],
                        "item_count": 1
                    },
                    //  Back Chests
                    {
                        "name": "Back",
                        "access_rules": [ "hookshot", "boots,[hookshot]" ],
                        "item_count": 3
                    }
                ],
                "map_locations": [
                    {
                        "map": "darkworld",
                        "x": 1670,
                        "y": 126
                    }
                ]
            },            
            {
                "name": "Spectacle Rock",
                "color": "#a27a3c",
                "sections": [
                    {
                        "name": "Cave",
                        "item_count": 1
                    },
                    {
                        "name": "Up On top",
                        "capture_item": true,
                        "access_rules": [ "{}", "@East Light Death Mountain,hammer,pearl"],
                        "item_count": 1
                    }
                ],
                "map_locations": [
                    {
                        "map": "lightworld",
                        "x": 980,
                        "y": 178
                    }
                ]
            },
            {
                "name": "Ether Tablet",
                "color": "#a27a3c",
                "access_rules": [ "@East Light Death Mountain,hammer,pearl"],
                "sections": [
                    {
                        "name": "Tablet",
                        "capture_item": true,
                        "access_rules": [ "book,$canActivateTablets", "{book}" ],
                        "item_count": 1
                    }
                ],
                "map_locations": [
                    {
                        "map": "lightworld",
                        "x": 844,
                        "y": 38
                    }
                ]
            }            
        ]
    }    
]