[
  // Eastern Palace
  {
    "name": "Eastern Palace",
    "type": "progressive_toggle",
    "capturable": false,
    "stages": [
      {
        "img": "images/0105.png",
        "codes": "ep,easternpalace,crystal",
        "secondary_codes": "crystal"
      },
      {
        "img": "images/0106.png",
        "codes": "ep,easternpalace,crystal,crystal56",
        "secondary_codes": "crystal five six, red crystal, fairy crystal"
      },
      {
        "img": "images/0107.png",
        "codes": "ep,easternpalace,pendant",
        "secondary_codes": "pendant, red pendant, blue pendant"
      },
      {
        "img": "images/0108.png",
        "codes": "ep,easternpalace,greenpendant",
        "secondary_codes": "green pendant"
      }
    ]
  },
  // Desert Palace
  {
    "name": "Desert Palace",
    "capturable": false,
    "type": "progressive_toggle",
    "stages": [
      {
        "img": "images/0109.png",
        "codes": "dp,desertpalace,crystal",
        "secondary_codes": "crystal"
      },
      {
        "img": "images/0110.png",
        "codes": "dp,desertpalace,crystal,crystal56",
        "secondary_codes": "crystal five six, red crystal, fairy crystal"
      },
      {
        "img": "images/0111.png",
        "codes": "dp,desertpalace,pendant",
        "secondary_codes": "pendant, red pendant, blue pendant"
      },
      {
        "img": "images/0112.png",
        "codes": "dp,desertpalace,greenpendant",
        "secondary_codes": "green pendant"
      }
    ]
  },
  // Tower of Hera
  {
    "name": "Tower of Hera",
    "capturable": false,
    "type": "progressive_toggle",
    "stages": [
      {
        "img": "images/0113.png",
        "codes": "toh,towerofhera,crystal",
        "secondary_codes": "crystal"
      },
      {
        "img": "images/0114.png",
        "codes": "toh,towerofhera,crystal,crystal56",
        "secondary_codes": "crystal five six, red crystal, fairy crystal"
      },
      {
        "img": "images/0115.png",
        "codes": "toh,towerofhera,pendant",
        "secondary_codes": "pendant, red pendant, blue pendant"
      },
      {
        "img": "images/0116.png",
        "codes": "toh,towerofhera,greenpendant",
        "secondary_codes": "green pendant"
      }
    ]
  },
  // Palace of Darkness
  {
    "name": "Palace of Darkness",
    "capturable": false,
    "type": "progressive_toggle",
    "stages": [
      {
        "img": "images/0077.png",
        "codes": "pod,palaceofdarkness,crystal",
        "secondary_codes": "crystal"
      },
      {
        "img": "images/0078.png",
        "codes": "pod,palaceofdarkness,crystal,crystal56",
        "secondary_codes": "crystal five six, red crystal, fairy crystal"
      },
      {
        "img": "images/0079.png",
        "codes": "pod,palaceofdarkness,pendant",
        "secondary_codes": "pendant, red pendant, blue pendant"
      },
      {
        "img": "images/0080.png",
        "codes": "pod,palaceofdarkness,greenpendant",
        "secondary_codes": "green pendant"
      }
    ]
  },
  // Swamp Palace
  {
    "name": "Swamp Palace",
    "capturable": false,
    "type": "progressive_toggle",
    "stages": [
      {
        "img": "images/0081.png",
        "codes": "sp,swamppalace,crystal",
        "secondary_codes": "crystal"
      },
      {
        "img": "images/0082.png",
        "codes": "sp,swamppalace,crystal,crystal56",
        "secondary_codes": "crystal five six, red crystal, fairy crystal"
      },
      {
        "img": "images/0083.png",
        "codes": "sp,swamppalace,pendant",
        "secondary_codes": "pendant, red pendant, blue pendant"
      },
      {
        "img": "images/0084.png",
        "codes": "sp,swamppalace,greenpendant",
        "secondary_codes": "green pendant"
      }
    ]
  },
  // Skull Woods
  {
    "name": "Skull Woods",
    "capturable": false,
    "type": "progressive_toggle",
    "stages": [
      {
        "img": "images/0085.png",
        "codes": "sw,skullwoods,crystal",
        "secondary_codes": "crystal"
      },
      {
        "img": "images/0086.png",
        "codes": "sw,skullwoods,crystal,crystal56",
        "secondary_codes": "crystal five six, red crystal, fairy crystal"
      },
      {
        "img": "images/0087.png",
        "codes": "sw,skullwoods,pendant",
        "secondary_codes": "pendant, red pendant, blue pendant"
      },
      {
        "img": "images/0088.png",
        "codes": "sw,skullwoods,greenpendant",
        "secondary_codes": "green pendant"
      }
    ]
  },
  // Thieve's Town
  {
    "name": "Thieves Town",
    "capturable": false,
    "type": "progressive_toggle",
    "stages": [
      {
        "img": "images/0089.png",
        "codes": "tt,thievestown,crystal",
        "secondary_codes": "crystal"
      },
      {
        "img": "images/0090.png",
        "codes": "tt,thievestown,crystal,crystal56",
        "secondary_codes": "crystal five six, red crystal, fairy crystal"
      },
      {
        "img": "images/0091.png",
        "codes": "tt,thievestown,pendant",
        "secondary_codes": "pendant, red pendant, blue pendant"
      },
      {
        "img": "images/0092.png",
        "codes": "tt,thievestown,greenpendant",
        "secondary_codes": "green pendant"
      }
    ]
  },
  // Ice Palace
  {
    "name": "Ice Palace",
    "capturable": false,
    "type": "progressive_toggle",
    "stages": [
      {
        "img": "images/0093.png",
        "codes": "ip,icepalace,crystal",
        "secondary_codes": "crystal"
      },
      {
        "img": "images/0094.png",
        "codes": "ip,icepalace,crystal,crystal56",
        "secondary_codes": "crystal five six, red crystal, fairy crystal"
      },
      {
        "img": "images/0095.png",
        "codes": "ip,icepalace,pendant",
        "secondary_codes": "pendant, red pendant, blue pendant"
      },
      {
        "img": "images/0096.png",
        "codes": "ip,icepalace,greenpendant",
        "secondary_codes": "green pendant"
      }
    ]
  },
  // Misery Mire
  {
    "name": "Misery Mire",
    "capturable": false,
    "type": "progressive_toggle",
    "stages": [
      {
        "img": "images/0097.png",
        "codes": "mm,miserymire,crystal",
        "secondary_codes": "crystal"
      },
      {
        "img": "images/0098.png",
        "codes": "mm,miserymire,crystal,crystal56",
        "secondary_codes": "crystal five six, red crystal, fairy crystal"
      },
      {
        "img": "images/0099.png",
        "codes": "mm,miserymire,pendant",
        "secondary_codes": "pendant, red pendant, blue pendant"
      },
      {
        "img": "images/0100.png",
        "codes": "mm,miserymire,greenpendant",
        "secondary_codes": "green pendant"
      }
    ]
  },
  // Turtle Rock
  {
    "name": "Turtle Rock",
    "capturable": false,
    "type": "progressive_toggle",
    "stages": [
      {
        "img": "images/0101.png",
        "codes": "tr,turtlerock,crystal",
        "secondary_codes": "crystal"
      },
      {
        "img": "images/0102.png",
        "codes": "tr,turtlerock,crystal,crystal56",
        "secondary_codes": "crystal five six, red crystal, fairy crystal"
      },
      {
        "img": "images/0103.png",
        "codes": "tr,turtlerock,pendant",
        "secondary_codes": "pendant, red pendant, blue pendant"
      },
      {
        "img": "images/0104.png",
        "codes": "tr,turtlerock,greenpendant",
        "secondary_codes": "green pendant"
      }
    ]
  }
]