{
    "shared_item_grid": {
        "type":"array",
        "orientation": "horizontal",
        "content": [
            {
                "type": "itemgrid",
                "h_alignment": "center",
                "item_margin": "1,2",
                "rows": [
                    [ "bowandarrows", "boomerangs", "hookshot", "bombs", "powder", "mushroom", "easternpalace" ],
                    [ "firerod", "icerod", "bombos", "ether", "quake", "shovel", "desertpalace" ],
                    [ "lamp", "hammer", "ocarina", "net", "book", "pearl", "towerofhera" ],
                    [ "bottle", "somaria", "byrna", "cape", "mirror", "gomode", "aga" ],
                    [ "lift1", "boots", "flippers", "halfmagic", "owsword", "shield", "armor" ],
                    [ "palaceofdarkness", "swamppalace", "skullwoods", "thievestown", "icepalace", "miserymire", "turtlerock" ]
                ]
            },
            {
                "type": "itemgrid",
                "v_alignment": "top",
                "margin": "2,0,2,0",
                "item_margin": "1,2",
                "rows": [
                    [ "gt_crystals" ],
                    [ "ganon_crystals" ]
                ]
            }            
        ]
    },
    "tracker_capture_item": {
        "type": "container",
        "content": {
            "type": "itemgrid",
            "h_alignment": "center",
            "item_margin": "1,2",
            "rows": [
                [
                    "bowandarrows", "", "", "hookshot", "powder", "mushroom", "blue_boomerang"
                ],
                [
                    "firerod", "icerod", "bombos", "ether", "quake", "shovel", "red_boomerang"
                ],
                [
                    "lamp", "hammer", "ocarina", "net", "book", "pearl", "generic_smallkey"
                ],
                [
                    "bottle",
                    "somaria",
                    "byrna",
                    "cape",
                    "mirror",
                    "",
                    "generic_bigkey"
                ],
                [
                    "lift1",
                    "boots",
                    "flippers",
                    "halfmagic",
                    "owsword",
                    "shield",
                    "armor"
                ]
            ]
        }
    }
}