[
    {
        "name": "Hyrule Castle & Sanctuary",
        "short_name": "Escape",
        "color": "#701d43",
        "map_locations": [
            {
                "map": "lightworld",
                "x": 1003,
                "y": 906
            },
            {
                "map": "lightworld",
                "x": 925,
                "y": 536
            }
        ],
        "sections": [
            {
                "name": "Escape",
                "clear_as_group": false,
                "access_rules": [ "[lamp],[lift1]", "[firerod],[lift1],item_placement_advanced" ],
                "item_count": 6
            }
        ]
    },
    {
        "name": "Agahnim",
        "color": "#701d43",
        "access_rules": [ "$canClearAgaTowerBarrier" ],
        "map_locations": [
            {
                "map": "lightworld",
                "x": 1003,
                "y": 807
            }
        ],
        "sections": [
            {
                "name": "Agahnim",
                "access_rules": [ "[lamp],$canRemoveCurtains,sword", "[lamp],$canRemoveCurtains,hammer", "[lamp],$canRemoveCurtains,net" ],
                "hosted_item": "aga1"
            }
        ]
    },
    //  Eastern Palace
    {
        "name": "Eastern Palace",
        "color": "#af0000",
        "sections": [
            {
                "name": "Dungeon",
                "clear_as_group": false,
                "access_rules": [ "[lamp]" ],
                "item_count": 3
            },
            {
                "name": "Armos",
                "access_rules": [ "bow,[lamp]", "bow,[firerod],item_placement_advanced" ],
                "hosted_item": "easternpalace"
            }
        ],
        "map_locations": [
            {
                "map": "lightworld",
                "x": 1925,
                "y": 791
            }
        ]
    },
    //  Desert Palace
    {
        "name": "Desert Palace",
        "color": "#af0000",
        "access_rules": [ "book", "flute,lift2,mirror" ],
        "sections": [
            {
                "name": "Dungeon",
                "clear_as_group": false,
                "capture_item": true,
                "access_rules": [ "[boots]" ],
                "item_count": 2
            },
            {
                "name": "Lanmolas",
                "short_name": "Lanmo",
                "access_rules": [
                    "lift1,firesource,[boots],sword",
                    "lift1,firesource,[boots],hammer",
                    "lift1,firesource,[boots],firerod",
                    "lift1,firesource,[boots],icerod",
                    "lift1,firesource,[boots],bow",
                    "lift1,firesource,[boots],somaria",
                    "lift1,firesource,[boots],[sword]"
                ],
                "hosted_item": "desertpalace"
            }
        ],
        "map_locations": [
            {
                "map": "lightworld",
                "x": 146,
                "y": 1584
            }
        ]
    },
    //  Eastern Dark World
    {
        "name": "Eastern Dark World",
        "color": "#35046b",
        "access_rules": [
            "aga1,moonpearl",
            "hammer,lift1,moonpearl",
            "lift2,flippers,moonpearl",
            "lift2,boots,pearl,[hammer]"
        ],
        "children": [
            //  Palace of Darkness
            {
                "name": "Palace of Darkness",
                "short_name": "POD",
                "color": "#af0000",
                "sections": [
                    //  Front
                    {
                        "name": "Dungeon",
                        "clear_as_group": false,
                        "access_rules": [
                            "[bow],[lamp]"
                        ],
                        "item_count": 5
                    },
                    //  Back
                    {
                        "name": "Helmasaur King",
                        "short_name": "Helma",
                        "access_rules": [
                            "bow,hammer,[lamp]"
                        ],
                        "hosted_item": "palaceofdarkness"
                    }
                ],
                "map_locations": [
                    {
                        "map": "darkworld",
                        "x": 1924,
                        "y": 800
                    }
                ]
            }
        ]
    },
    //  Swamp Area
    {
        "name": "Swamp Area",
        "color": "#0d8452",
        "children": [
            //  Dark Swamp Area
            {
                "name": "Dark Swamp Area",
                "access_rules": [
                    "pearl, lift2",
                    "pearl, hammer,lift1",
                    "pearl,aga1,hammer",
                    "aga1,pearl,flippers,hookshot",
                    "aga1,pearl,hammer,hookshot",
                    "aga1,pearl,lift1,hookshot"
                ],
                "children": [
                    //  Swamp Palace
                    {
                        "name": "Swamp Palace",
                        "color": "#af0000",
                        "access_rules": [
                            "mirror,flippers"
                        ],
                        "sections": [
                            //  Front
                            {
                                "name": "Dungeon",
                                "clear_as_group": false,
                                "access_rules": [
                                    "[hammer],[hookshot]"
                                ],
                                "item_count": 6
                            },
                            //  Back
                            {
                                "name": "Arrgus",
                                "access_rules": [
                                    "hammer,hookshot",
                                    "[hammer],sword,hookshot",
                                    "[hammer],silvers,hookshot"
                                ],
                                "hosted_item": "swamppalace"
                            }
                        ],
                        "map_locations": [
                            {
                                "map": "darkworld",
                                "x": 940,
                                "y": 1880
                            }
                        ]
                    }
                ]
            }
        ]
    },
    //  Dark World
    {
        "name": "Northwest Dark World",
        "color": "#35046b",
        "access_rules": [
            "aga1,hookshot,flippers,moonpearl",
            "aga1,hookshot,lift1,moonpearl",
            "aga1,hookshot,hammer,moonpearl",
            "lift1,hammer,moonpearl",
            "lift2,moonpearl"
        ],
        "children": [
            //  Skull Woods
            {
                "name": "Skull Woods",
                "color": "#af0000",
                "sections": [
                    //  Front
                    {
                        "name": "Dungeon",
                        "clear_as_group": false,
                        "item_count": 2
                    },
                    //  Back
                    {
                        "name": "Mothula",
                        "access_rules": [
                            "firerod,$canRemoveCurtains"
                        ],
                        "hosted_item": "skullwoods"
                    }
                ],
                "map_locations": [
                    {
                        "map": "darkworld",
                        "x": 79,
                        "y": 121
                    }
                ]
            },
            //   Thieve's Town
            {
                "name": "Thieves Town",
                "color": "#af0000",
                "sections": [
                    {
                        "name": "Dungeon",
                        "clear_as_group": false,
                        "access_rules": [
                            "[hammer]"
                        ],
                        "item_count": 4
                    },
                    //  Back
                    {
                        "name": "Blind",
                        "hosted_item": "thievestown",
                        "access_rules": [
                            "sword",
                            "hammer",
                            "somaria",
                            "byrna"
                        ]
                    }
                ],
                "map_locations": [
                    {
                        "map": "darkworld",
                        "x": 251,
                        "y": 971
                    }
                ]
            }
        ]
    },
    //  Ice Palace
    {
        "name": "Ice Palace",
        "color": "#af0000",
        "access_rules": [
            "moonpearl,lift2,firerod,[flippers]",
            "moonpearl,lift2,bombos,$canUseMedallions,[flippers]"
        ],
        "sections": [
            //  Front
            {
                "name": "Dungeon",
                "clear_as_group": false,
                "access_rules": [
                    "[hammer],[hookshot]",
                    "[hammer],[hookshot],[somaria],item_placement_advanced"
                ],
                "item_count": 3
            },
            //  Back
            {
                "name": "Khold",
                "access_rules": [
                    "hammer,bombos,$canUseMedallions",
                    "hammer,firerod"
                ],
                "hosted_item": "icepalace"
            }
        ],
        "map_locations": [
            {
                "map": "darkworld",
                "x": 1600,
                "y": 1735
            }
        ]
    },
    //  Misery Mire
    {
        "name": "Misery Mire",
        "color": "#af0000",
        "parent": "Mire Area",
        "access_rules": [
            "moonpearl,mm_medallion,hookshot,$canUseMedallions",
            "moonpearl,bombos,ether,quake,hookshot,$canUseMedallions",
            "moonpearl,mm_medallion,boots,[hookshot],$canUseMedallions",
            "moonpearl,bombos,ether,quake,boots,[hookshot],$canUseMedallions",
            "moonpearl,mm_medallion,boots,$canUseMedallions,item_placement_advanced",
            "moonpearl,bombos,ether,quake,boots,$canUseMedallions,item_placement_advanced"
        ],
        "sections": [
            //  Front
            {
                "name": "Dungeon",
                "clear_as_group": false,
                "access_rules": [
                    "[firesource]"
                ],
                "item_count": 2
            },
            //  Back
            {
                "name": "Vitreous",
                "access_rules": [
                    "somaria,[lamp]"
                ],
                "hosted_item": "miserymire"
            }
        ],
        "map_locations": [
            {
                "map": "darkworld",
                "x": 150,
                "y": 1670
            }
        ]
    },
    //  Death Mountain
    {
        "name": "Death Mountain",
        "color": "#934f17",
        "access_rules": [
            "lift1,[lamp]",
            "flute"
        ],
        "children": [
            //  Tower of Hera
            {
                "name": "Tower of Hera",
                "color": "#af0000",
                "access_rules": [
                    "mirror",
                    "hookshot,hammer"
                ],
                "sections": [
                    {
                        "name": "Dungeon",
                        "clear_as_group": false,
                        "access_rules": [
                            "[firesource]"
                        ],
                        "item_count": 2
                    },
                    {
                        "name": "Moldorm",
                        "access_rules": [
                            "sword,[firesource]",
                            "hammer,[firesource]"
                        ],
                        "hosted_item": "towerofhera"
                    }
                ],
                "map_locations": [
                    {
                        "map": "lightworld",
                        "x": 1126,
                        "y": 68
                    }
                ]
            },
            //  Turtle Rock
            {
                "name": "Turtle Rock",
                "color": "#af0000",
                "access_rules": [
                    "$canUseMedallions,pearl,mirror,hammer,lift2,tr_medallion,somaria",
                    "$canUseMedallions,pearl,hookshot,hammer,lift2,tr_medallion,somaria",
                    "$canUseMedallions,pearl,mirror,hammer,lift2,bombos,ether,quake,somaria",
                    "$canUseMedallions,pearl,hookshot,hammer,lift2,bombos,ether,quake,somaria"
                ],
                "sections": [
                    {
                        "name": "Dungeon",
                        "clear_as_group": false,
                        "access_rules": [
                            "[firerod],[lamp],item_placement_advanced",
                            "[firerod],[lamp],[cape]",
                            "[firerod],[lamp],[byrna]",
                            "[firerod],[lamp],[mirrorshield]"
                        ],
                        "item_count": 5
                    },
                    {
                        "name": "Trinexx",
                        "access_rules": [
                            "firerod,icerod,[lamp]"
                        ],
                        "hosted_item": "turtlerock"
                    }
                ],
                "map_locations": [
                    {
                        "map": "darkworld",
                        "x": 1890,
                        "y": 144
                    }
                ],
                "children": [
                    {
                        "name": "Mimic Cave",
                        "color": "#934f17",
                        "access_rules": [ "mirror,hammer,@Turtle Rock/Dungeon" ],
                        "sections": [
                            {
                                "name": "Cave",
                                "item_count": 1
                            }
                        ],
                        "map_locations": [
                            {
                                "map": "lightworld",
                                "x": 1694,
                                "y": 190
                            },
                            {
                                "map": "darkworld",
                                "x": 1693,
                                "y": 205
                            }
                        ]
                    }                    
                ]
            },
            //  Ganon's Tower
            {
                "name": "Ganon's Tower",
                "color": "#af0000",
                "parent": "Dark Death Mountain",
                "access_rules": [ "pearl,$gtCrystalCount" ],
                "sections": [
                    {
                        "name": "Dungeon",
                        "clear_as_group": false,
                        "access_rules": [
                            "[hammer],[firerod],[hookshot],[boots],[somaria]",
                            "[hammer],[firerod],[hookshot],boots,[somaria]",
                            "[hammer],[firerod],[hookshot],[boots],somaria"
                        ],
                        "item_count": 23
                    },
                    {
                        "name": "Tower",
                        "clear_as_group": false,
                        "access_rules": [
                            "[bow],firesource,[hookshot]"
                        ],
                        "item_count": 4
                    }
                ],
                "map_locations": [
                    {
                        "map": "darkworld",
                        "x": 1126,
                        "y": 68
                    }
                ]
            }
        ]
    }
]